index,location,sewer_and_water_i,power_i,roads_and_bridges_i,medical_i,buildings_i,shake_intensity_i,sewer_and_water_u,power_u,roads_and_bridges_u,medical_u,buildings_u,shake_intensity_u
2020-04-06 00:00:00,1,5.709677419354839,5.096774193548387,5.0,6.096774193548387,6.129032258064516,0.5,0.8467658544906246,0.9156455449233529,0.9404027540383768,0.9409437853922807,0.8728444577209357,0.2890648263178878
2020-04-06 10:00:00,1,3.0483870967741935,2.596774193548387,3.274193548387097,3.2580645161290325,3.032258064516129,0.30303030303030304,0.8155951306347368,0.7519824580429497,0.8216304876159852,0.8413243941159109,0.767667918256434,0.2558118598487425
2020-04-06 20:00:00,1,6.0,5.40625,6.28125,5.90625,5.625,0.42857142857142855,0.8655611771634762,0.9373032596188536,0.9011701563291176,0.86002217069071,0.8961552739804458,0.2847948000262373
2020-04-07 06:00:00,1,4.5588235294117645,5.323529411764706,4.794117647058823,6.5588235294117645,5.882352941176471,0.8571428571428571,0.9062454042573398,0.8415489512548502,0.9169673706844076,0.8224311382101348,0.9178164175894801,0.17103178897792257
2020-04-07 16:00:00,1,4.962962962962963,5.777777777777778,4.703703703703703,6.2592592592592595,5.666666666666667,0.42857142857142855,0.9170089841280811,0.8661026607957115,0.9648052476943028,0.8363319915530193,0.9337939775123728,0.2847948000262373
2020-04-08 02:00:00,1,5.220479704797048,5.31549815498155,5.106088560885609,5.145756457564576,5.288745387453875,0.90020366598778,0.7841627715108185,0.7501199993070312,0.7019686311022727,0.7756421489172798,0.784655588636646,0.44303951842461536
2020-04-08 12:00:00,1,3.0,2.3125,4.1875,3.919642857142857,3.267857142857143,0.5952380952380952,0.7493657638514959,0.7270523973052909,0.7147540287352592,0.7546616934705164,0.7524029290215064,0.4027702032023854
2020-04-08 22:00:00,1,5.171428571428572,5.285714285714286,4.828571428571428,5.114285714285714,5.514285714285714,0.8571428571428571,0.981959121091667,0.9716757431507143,0.9221217729247908,0.8978532038472606,0.9374693853551297,0.17103178897792257
2020-04-09 08:00:00,1,2.80794701986755,2.9205298013245033,4.198675496688741,3.880794701986755,2.8675496688741724,0.15517241379310345,0.7430134227523053,0.7474307922164967,0.7024753293190973,0.7569079854444789,0.7602853326142577,0.18744231746665654
2020-04-09 18:00:00,1,4.588235294117647,3.5294117647058822,4.117647058823529,4.5,5.5,0.2222222222222222,0.9219842647433305,0.9029266040085617,0.8491717348512129,0.9433522137136788,0.8900906378495955,0.22090464294526155
2020-04-10 04:00:00,1,4.0,4.230769230769231,4.269230769230769,6.384615384615385,6.269230769230769,0.75,0.9015711486782368,0.8487068898330837,0.9059111182343315,0.8611524144848682,0.9249171966554768,0.234511970142281
2020-04-10 14:00:00,1,5.029411764705882,6.0,5.382352941176471,5.735294117647059,4.882352941176471,0.75,0.9763145049305596,0.9284022478228139,0.9155662816638476,0.9372899842460026,0.9584616447126703,0.234511970142281
2020-04-11 00:00:00,1,-1.0,-1.0,-1.0,-1.0,-1.0,-1.0,-1.0,-1.0,-1.0,-1.0,-1.0,-1.0
2020-04-06 00:00:00,2,5.522222222222222,5.355555555555555,5.455555555555556,2.0,5.6,0.5454545454545454,0.9641341739136967,0.9704156658171267,0.9729784350493746,0.0,0.9789104459019324,0.28733917043531976
2020-04-06 10:00:00,2,2.0833333333333335,2.0643939393939394,2.340909090909091,7.75,2.742424242424242,0.23728813559322035,0.6987230071211655,0.6576051038494798,0.7269655320651163,0.4335972394768317,0.781215800882224,0.22850614533226574
2020-04-06 20:00:00,2,5.512195121951219,4.902439024390244,5.109756097560975,3.0,5.682926829268292,0.5,0.9099547399478995,0.9668322431201183,0.9821303332031275,0.0,0.9419748642111903,0.2890648263178878
2020-04-07 06:00:00,2,5.6880733944954125,5.376146788990826,5.155963302752293,5.333333333333333,5.504587155963303,0.6666666666666666,0.9473009096367078,0.9643701491432917,0.9489845379933548,0.45815690999132613,0.9575253814959346,0.26544702577940094
2020-04-07 16:00:00,2,5.157894736842105,5.663157894736842,4.873684210526315,6.333333333333333,4.968421052631579,0.6,0.9905484850461396,0.9877417309988679,0.9807771406457122,0.45815690999132613,0.9907893664875069,0.2806676649492887
2020-04-08 02:00:00,2,3.076117318435754,4.06354748603352,5.024441340782123,5.104166666666667,1.157472067039106,1.8441885570349046,0.5242583794562126,0.5317452089463997,0.5260977064880722,0.9586374089812345,0.5043885554723939,0.5405311827011693
2020-04-08 12:00:00,2,3.4205128205128204,4.235897435897436,5.128205128205129,4.769230769230769,1.682051282051282,1.4448897795591182,0.6454550806822793,0.6614484519793813,0.6747119208332195,0.7692669055612293,0.6417848204523151,0.5860191863184567
2020-04-08 22:00:00,2,5.449438202247191,4.966292134831461,5.808988764044944,4.5,5.426966292134831,0.5555555555555556,0.9579741886582827,0.9660624255039543,0.9527602735040299,0.2890648263178878,0.9418905501008207,0.28648522910495233
2020-04-09 08:00:00,2,3.190311418685121,5.078431372549019,4.189158016147635,4.333333333333333,1.4521337946943482,1.0356234096692112,0.6184468880052152,0.5998322838432791,0.5989586635449669,0.8064614084099904,0.5895281218673831,0.45258216720393646
2020-04-09 18:00:00,2,4.455128205128205,4.980769230769231,4.647435897435898,5.75,3.7628205128205128,0.8947368421052632,0.927421206483583,0.9240011130084209,0.8802038649567169,0.5781296526357756,0.9234197599947728,0.4587680223032497
2020-04-10 04:00:00,2,5.070588235294117,5.047058823529412,5.0,2.0,6.08235294117647,0.6,0.9565980770697273,0.9763984546765949,0.9519704167473736,0.0,0.9521711183968588,0.2806676649492888
2020-04-10 14:00:00,2,5.784313725490196,5.166666666666667,5.009803921568627,3.0,6.323529411764706,0.6428571428571429,0.969946398742708,0.9557167734217407,0.9820957084559991,0.0,0.9333701707972492,0.27180359733227466
2020-04-11 00:00:00,2,6.0,1.5,5.0,-1.0,4.5,0.0,0.2890648263178878,0.2890648263178878,0.2890648263178878,-1.0,0.2890648263178878,0.0
2020-04-06 00:00:00,3,5.146067415730337,5.112359550561798,5.685393258426966,5.808988764044944,4.764044943820225,0.5,0.9689458618828517,0.9571740650221375,0.9313710747077949,0.9530791239223269,0.968831287137673,0.2890648263178878
2020-04-06 10:00:00,3,3.4901960784313726,3.366013071895425,3.4836601307189543,2.7516339869281046,3.474945533769063,0.7896341463414634,0.6834848200166194,0.6855562617862915,0.6920284404318849,0.7027876725093632,0.7074830330925532,0.3681124326641473
2020-04-06 20:00:00,3,5.186813186813187,4.956043956043956,4.9010989010989015,5.527472527472527,4.802197802197802,0.6470588235294118,0.9524574848721253,0.9720619554343655,0.9602430485817078,0.9419157071241097,0.9479909366185882,0.36228424684304894
2020-04-07 06:00:00,3,5.402597402597403,5.675324675324675,6.142857142857143,5.6103896103896105,5.5064935064935066,0.5882352941176471,0.9590155978096591,0.951213230918197,0.9240039193295205,0.9518823243309147,0.9495797205113189,0.2825371116637899
2020-04-07 16:00:00,3,5.407894736842105,5.078947368421052,5.0,6.0,4.973684210526316,0.6923076923076923,0.9763829882355732,0.9498105600326658,0.9460762432321314,0.9545405079138755,0.9695074799315726,0.25740981131757834
2020-04-08 02:00:00,3,6.053083923154702,7.984074823053589,6.032861476238625,7.028058645096056,5.061425682507584,5.925973360655738,0.530177234674756,0.5174582659882558,0.5233475962438565,0.5144913885764405,0.5233137249451154,0.5189169443095962
2020-04-08 12:00:00,3,-1.0,-1.0,-1.0,-1.0,-1.0,-1.0,-1.0,-1.0,-1.0,-1.0,-1.0,-1.0
2020-04-08 22:00:00,3,6.78691053327457,8.631776112825033,6.777214631996475,7.778757161745262,5.821507271925959,4.213561612975895,0.6972512214496938,0.6084668330450156,0.6903446407634316,0.6842548173717974,0.6959547421803088,0.7833156833995593
2020-04-09 08:00:00,3,8.668,8.82,8.468,6.64,6.576,4.666666666666667,0.5928850665736617,0.5433065519496526,0.5925983561816291,0.708187429568814,0.730795188793197,0.5642282251748477
2020-04-09 18:00:00,3,-1.0,-1.0,-1.0,-1.0,-1.0,-1.0,-1.0,-1.0,-1.0,-1.0,-1.0,-1.0
2020-04-10 04:00:00,3,9.643076136944302,9.664282064384262,9.641032192130812,6.92973939703628,6.939959121103731,4.979384133611691,0.30045868026118683,0.2938532009431529,0.3027672198238123,0.5187405284115959,0.512644286106396,0.4830893332909827
2020-04-10 14:00:00,3,5.4,5.458823529411765,5.682352941176471,5.129411764705883,5.0588235294117645,0.3333333333333333,0.9692772079951381,0.9174503345379398,0.9631133994055228,0.9747898079335647,0.985186152947239,0.26544702577940094
2020-04-11 00:00:00,3,-1.0,-1.0,-1.0,-1.0,-1.0,-1.0,-1.0,-1.0,-1.0,-1.0,-1.0,-1.0
2020-04-06 00:00:00,4,6.380952380952381,4.666666666666667,5.904761904761905,-1.0,5.333333333333333,0.5,0.8634626640768743,0.9185226309945672,0.9148795537816383,-1.0,0.9013836677596457,0.2890648263178878
2020-04-06 10:00:00,4,1.0113636363636365,0.8863636363636364,1.1704545454545454,3.8,2.625,1.8780487804878048,0.3690291700153183,0.43578642024222913,0.4973379036558287,0.5555618109440845,0.6133303276425461,0.4425419503599413
2020-04-06 20:00:00,4,4.85,5.2,4.45,-1.0,4.85,0.25,0.9782484791857948,0.8971709917133511,0.8735331198937608,-1.0,0.8393580264497738,0.23451197014228106
2020-04-07 06:00:00,4,5.9411764705882355,5.294117647058823,4.764705882352941,-1.0,5.117647058823529,0.5,0.7349423183023444,0.8157935377125786,0.7606142506202771,-1.0,0.8626371304971787,0.2890648263178878
2020-04-07 16:00:00,4,6.291666666666667,6.458333333333333,5.875,-1.0,4.666666666666667,0.4,0.840388985853864,0.9126551924333358,0.8295900424256833,-1.0,0.853678777952174,0.2806676649492887
2020-04-08 02:00:00,4,4.823446327683616,3.8403954802259888,3.855225988700565,5.461538461538462,2.899011299435028,4.622302158273381,0.6846899035332554,0.6891893970867221,0.6982467004411927,0.9026814407848701,0.6848583084195258,0.7803719100067521
2020-04-08 12:00:00,4,5.0520231213872835,4.002890173410405,3.9248554913294798,4.4,3.0895953757225434,4.146268656716418,0.7204590201581101,0.7137330234582263,0.7156579312278991,0.6711877414712396,0.7156160925339519,0.8312153992004093
2020-04-08 22:00:00,4,6.0625,4.125,5.625,7.0,4.9375,0.0,0.8174231616200258,0.876051154155596,0.83991805086586,0.0,0.9394606855331354,0.0
2020-04-09 08:00:00,4,6.950920245398773,5.0699386503067485,4.954601226993865,6.142857142857143,4.980368098159509,5.036616161616162,0.5175560880944595,0.522966140425258,0.5395466535265586,0.7546260574330915,0.5290326543102376,0.4832055452497681
2020-04-09 18:00:00,4,6.89922480620155,5.038759689922481,5.178294573643411,6.0,5.217054263565892,4.894736842105263,0.6366542109119401,0.6245920966758359,0.6248199658432256,0.0,0.5826583332400287,0.5257800533384578
2020-04-10 04:00:00,4,6.5,6.0,8.5,-1.0,6.5,-1.0,0.5781296526357756,0.5781296526357756,0.4335972394768317,-1.0,0.5781296526357756,-1.0
2020-04-10 14:00:00,4,5.869565217391305,4.782608695652174,5.0,-1.0,5.521739130434782,0.5,0.9003182041563548,0.8926117603681583,0.8831243071202266,-1.0,0.9523713573235486,0.2890648263178878
2020-04-11 00:00:00,4,-1.0,-1.0,-1.0,-1.0,-1.0,-1.0,-1.0,-1.0,-1.0,-1.0,-1.0,-1.0
2020-04-06 00:00:00,5,4.918918918918919,5.972972972972973,4.972972972972973,5.8108108108108105,5.648648648648648,0.5,0.9563442440687867,0.903063978811048,0.8807610417269759,0.899616249030202,0.9381227065249161,0.2890648263178878
2020-04-06 10:00:00,5,1.4047619047619047,2.7222222222222223,1.5476190476190477,1.6031746031746033,1.8333333333333333,0.30526315789473685,0.5836871062129055,0.741628377441197,0.5766867328266854,0.5594304306695643,0.6643130654468876,0.2565825267540971
2020-04-06 20:00:00,5,4.4363636363636365,5.4,5.636363636363637,4.927272727272728,4.872727272727273,0.4117647058823529,0.9449991355162031,0.9307401272518986,0.9468299694630105,0.9507611324584082,0.9114973257747699,0.2825371116637899
2020-04-07 06:00:00,5,4.735294117647059,4.294117647058823,4.147058823529412,5.176470588235294,5.294117647058823,0.8333333333333334,0.9584616447126703,0.8709728248048799,0.9305162475547126,0.9542937975588197,0.9350398483203702,0.18789861841651437
2020-04-07 16:00:00,5,5.4772727272727275,5.818181818181818,5.454545454545454,5.636363636363637,4.7272727272727275,0.2222222222222222,0.9753729515614169,0.9253802378776752,0.9066254953297055,0.9117963227037725,0.9311473476185848,0.2209046429452615
2020-04-08 02:00:00,5,3.960240963855422,6.014457831325301,4.03855421686747,1.227710843373494,3.116867469879518,0.8451935081148564,0.529495990747622,0.5322586893282774,0.5454482660131199,0.5290637389381364,0.5417818284097593,0.43653666785191103
2020-04-08 12:00:00,5,4.15483870967742,5.767741935483871,4.387096774193548,1.864516129032258,3.554838709677419,0.5819672131147541,0.720812882261801,0.7102154646210549,0.6353876345360353,0.6801977813916656,0.7661233219906353,0.4026885188572721
2020-04-08 22:00:00,5,6.205882352941177,5.882352941176471,4.382352941176471,6.029411764705882,4.911764705882353,0.75,0.9197341288176983,0.9518240442151141,0.9707455687561489,0.9657286746972258,0.9381390311510752,0.234511970142281
2020-04-09 08:00:00,5,5.108108108108108,2.4671814671814674,3.9613899613899615,1.4015444015444016,3.3745173745173744,0.3146551724137931,0.6038218659092771,0.5925969732775046,0.5812418180921247,0.5639988841419832,0.6137175456918132,0.27322330878006423
2020-04-09 18:00:00,5,5.5625,4.25,4.734375,4.328125,4.125,0.36,0.8828484518247246,0.834018979339035,0.9075491409097115,0.9363575434846373,0.8488252390678913,0.3117049846393917
2020-04-10 04:00:00,5,5.216216216216216,4.972972972972973,5.918918918918919,5.162162162162162,6.135135135135135,0.5,0.9755974728161436,0.9220442842382459,0.8797790258624636,0.966071763742661,0.9384496152492796,0.2890648263178878
2020-04-10 14:00:00,5,4.914285714285715,6.228571428571429,5.257142857142857,4.371428571428571,6.0,0.42857142857142855,0.9779103552850694,0.848546509212269,0.9312347732207746,0.9356291282502708,0.9646163425942889,0.2847948000262373
2020-04-11 00:00:00,5,-1.0,-1.0,-1.0,-1.0,-1.0,-1.0,-1.0,-1.0,-1.0,-1.0,-1.0,-1.0
2020-04-06 00:00:00,6,5.8559322033898304,5.110169491525424,5.4576271186440675,5.330508474576271,5.940677966101695,0.5454545454545454,0.9506389754789398,0.9784313135416742,0.9823001362361315,0.9668127611558257,0.9315308193128206,0.2873391704353197
2020-04-06 10:00:00,6,2.096026490066225,2.062913907284768,2.3940397350993377,2.0397350993377485,2.629139072847682,0.2524271844660194,0.7093455001003153,0.6725052239085708,0.6862785264206576,0.7215727227687359,0.8060346203697549,0.2356174639821172
2020-04-06 20:00:00,6,5.373737373737374,4.8686868686868685,5.262626262626263,5.181818181818182,5.2727272727272725,0.2,0.9861055760907355,0.9508568064961727,0.988359070221892,0.9793266891103498,0.978751685241082,0.2086840193626191
2020-04-07 06:00:00,6,5.349056603773585,6.028301886792453,5.9245283018867925,5.1415094339622645,5.726415094339623,0.75,0.9690127415867441,0.9536634998786988,0.9691385024877555,0.9916412637879698,0.9444992725443756,0.23451197014228106
2020-04-07 16:00:00,6,5.383720930232558,5.825581395348837,5.116279069767442,5.767441860465116,5.627906976744186,0.5384615384615384,0.9348967285541591,0.9752597234928987,0.9723664907307833,0.9560363748037564,0.9416967688071929,0.28782978299688194
2020-04-08 02:00:00,6,2.285568065506653,2.3254861821903785,2.377686796315251,2.384851586489253,2.3265097236438077,1.6753100338218714,0.6043682321262944,0.6093582063344423,0.6268120125610794,0.6265493302906734,0.5941330073733054,0.5595667129491438
2020-04-08 12:00:00,6,3.548494983277592,3.408026755852843,3.531772575250836,3.387959866220736,3.4013377926421406,0.9639175257731959,0.8512694296877323,0.8375717580814971,0.8489846723990605,0.8394008401869708,0.8308774645636108,0.5214853355535511
2020-04-08 22:00:00,6,5.385964912280702,5.517543859649122,5.4035087719298245,5.815789473684211,5.245614035087719,0.6,0.9676253351477322,0.9628528994930142,0.9720197168665774,0.9410985724745528,0.9674285625878374,0.2806676649492888
2020-04-09 08:00:00,6,1.0415430267062316,1.6943620178041543,2.451038575667656,2.5623145400593472,3.2462908011869436,0.9382303839732888,0.46561416116056487,0.6387590228446504,0.646033055934765,0.656409376796261,0.6109718843466727,0.45186973691175714
2020-04-09 18:00:00,6,3.541176470588235,3.8941176470588235,4.41764705882353,4.511764705882353,4.229411764705882,0.8051948051948052,0.8808116589451359,0.9338072648331336,0.9431102258959497,0.947841127449829,0.8882480857511414,0.4209916620870794
2020-04-10 04:00:00,6,5.447619047619048,5.6571428571428575,5.2,5.438095238095238,5.4,0.47368421052631576,0.9822143041961962,0.966315304946097,0.9682628370148033,0.9807251833597923,0.95330101816759,0.2884869521616448
2020-04-10 14:00:00,6,5.568807339449541,4.6422018348623855,5.321100917431193,5.201834862385321,5.7889908256880735,0.5882352941176471,0.9669120078699515,0.9919172395239624,0.9614043519362828,0.9800068191942957,0.955216449995547,0.2825371116637899
2020-04-11 00:00:00,6,7.0,7.0,8.0,10.0,10.0,-1.0,0.0,0.0,0.0,0.0,0.0,-1.0
2020-04-06 00:00:00,7,-1.0,5.333333333333333,4.666666666666667,-1.0,-1.0,-1.0,-1.0,0.45815690999132613,0.45815690999132613,-1.0,-1.0,-1.0
2020-04-06 10:00:00,7,-1.0,4.0,5.333333333333333,-1.0,-1.0,1.0,-1.0,0.45815690999132613,0.45815690999132613,-1.0,-1.0,0.0
2020-04-06 20:00:00,7,-1.0,-1.0,-1.0,-1.0,-1.0,-1.0,-1.0,-1.0,-1.0,-1.0,-1.0,-1.0
2020-04-07 06:00:00,7,-1.0,0.0,8.0,-1.0,-1.0,-1.0,-1.0,0.0,0.0,-1.0,-1.0,-1.0
2020-04-07 16:00:00,7,-1.0,-1.0,-1.0,-1.0,-1.0,-1.0,-1.0,-1.0,-1.0,-1.0,-1.0,-1.0
2020-04-08 02:00:00,7,8.5,8.007518796992482,5.992481203007519,-1.0,5.666666666666667,4.879699248120301,0.2890648263178878,0.4414936038193527,0.44143819401840806,-1.0,0.45815690999132613,0.49907425300574354
2020-04-08 12:00:00,7,-1.0,7.615384615384615,6.153846153846154,6.0,-1.0,3.5833333333333335,-1.0,0.5437583301187077,0.5745953643884965,0.0,-1.0,0.6602700615747896
2020-04-08 22:00:00,7,-1.0,-1.0,-1.0,-1.0,-1.0,-1.0,-1.0,-1.0,-1.0,-1.0,-1.0,-1.0
2020-04-09 08:00:00,7,-1.0,7.866666666666666,6.2,-1.0,-1.0,4.266666666666667,-1.0,0.38684647526104915,0.3350083655669407,-1.0,-1.0,0.4741310451420201
2020-04-09 18:00:00,7,-1.0,8.666666666666666,4.666666666666667,-1.0,-1.0,4.0,-1.0,0.26544702577940094,0.26544702577940094,-1.0,-1.0,0.0
2020-04-10 04:00:00,7,-1.0,-1.0,-1.0,-1.0,-1.0,-1.0,-1.0,-1.0,-1.0,-1.0,-1.0,-1.0
2020-04-10 14:00:00,7,-1.0,10.0,1.0,-1.0,-1.0,0.0,-1.0,0.0,0.2890648263178878,-1.0,-1.0,0.0
2020-04-11 00:00:00,7,-1.0,-1.0,-1.0,-1.0,-1.0,-1.0,-1.0,-1.0,-1.0,-1.0,-1.0,-1.0
2020-04-06 00:00:00,8,4.901785714285714,5.669642857142857,5.741071428571429,-1.0,4.928571428571429,0.5384615384615384,0.9890802899135063,0.9674556322747606,0.9619940428585334,-1.0,0.9889495620346663,0.287829782996882
2020-04-06 10:00:00,8,1.350730688935282,1.361169102296451,2.594989561586639,4.75,3.5615866388308977,0.23136246786632392,0.5627510494468975,0.5625244891337281,0.6592723891629955,0.4335972394768317,0.6990889665599144,0.23320795797117955
2020-04-06 20:00:00,8,4.801652892561983,5.099173553719008,5.289256198347108,7.0,5.68595041322314,0.4375,0.9882636470551575,0.970509489338639,0.9776394462096814,0.0,0.9694481625562502,0.285798222737513
2020-04-07 06:00:00,8,5.677083333333333,5.21875,5.375,3.0,4.833333333333333,0.47058823529411764,0.9302763952601483,0.9711676094614482,0.9798641464502081,0.0,0.9957400194653642,0.28834290031783916
2020-04-07 16:00:00,8,5.514851485148514,5.198019801980198,5.851485148514851,-1.0,4.920792079207921,0.5454545454545454,0.9759698656037691,0.9903969431778976,0.958363511069104,-1.0,0.9817911283141346,0.28733917043531976
2020-04-08 02:00:00,8,7.201368233194527,7.2031528851873885,7.19214753123141,5.333333333333333,5.233938132064248,1.8716368555538854,0.5478986191360419,0.5549667476064348,0.5499807257195739,0.975455723651153,0.5511774530822393,0.5243454821918025
2020-04-08 12:00:00,8,8.298953662182361,8.325859491778774,8.295964125560538,5.0,6.294469357249627,1.9100449775112445,0.6435552577365768,0.6266870757360006,0.6212225163465499,0.8821106971537013,0.6485418269449688,0.5226158051669098
2020-04-08 22:00:00,8,-1.0,-1.0,-1.0,-1.0,-1.0,-1.0,-1.0,-1.0,-1.0,-1.0,-1.0,-1.0
2020-04-09 08:00:00,8,8.532773109243697,8.407923169267708,8.72076830732293,5.158536585365853,6.599039615846339,1.5538653366583541,0.6133464455789267,0.637901176952611,0.6172738473839168,0.9791599222229398,0.6374934179238195,0.5689566396383895
2020-04-09 18:00:00,8,8.750208159866778,8.671107410491258,9.412989175686928,4.818181818181818,6.945878434637802,0.9630606860158312,0.5387037652376506,0.5608621686316295,0.3982858742458533,0.9077679543599425,0.5695660476373966,0.4538790209708735
2020-04-10 04:00:00,8,5.702702702702703,5.801801801801802,5.45945945945946,3.0,5.531531531531532,0.6129032258064516,0.9703733606959242,0.9662726790929211,0.9531654157045576,0.0,0.9614421662397117,0.41065360021598607
2020-04-10 14:00:00,8,5.7272727272727275,5.181818181818182,5.363636363636363,5.0,5.036363636363636,0.43478260869565216,0.9516577704266793,0.9741696610022815,0.9659595193454464,0.2890648263178878,0.9686546118808743,0.2855071635394443
2020-04-11 00:00:00,8,-1.0,-1.0,-1.0,-1.0,-1.0,-1.0,-1.0,-1.0,-1.0,-1.0,-1.0,-1.0
2020-04-06 00:00:00,9,6.054945054945055,6.087912087912088,5.417582417582418,4.934065934065934,5.626373626373627,0.3076923076923077,0.9316013123467975,0.9473515683420779,0.960206455915296,0.9583500191587648,0.9627519451481729,0.25740981131757834
2020-04-06 10:00:00,9,1.2826603325415677,1.1187648456057007,1.8598574821852731,1.342042755344418,3.4085510688836105,0.21994134897360704,0.5313692877177296,0.5067758512046491,0.6563441004202191,0.5298208889653819,0.6791747921280057,0.2246263572625339
2020-04-06 20:00:00,9,5.0,5.577981651376147,4.926605504587156,5.495412844036697,5.706422018348624,0.4090909090909091,0.9577278354008616,0.9569667101184365,0.9733721638968414,0.9747635240621549,0.9663261578326013,0.28213323916518945
2020-04-07 06:00:00,9,5.764044943820225,5.662921348314606,5.056179775280899,4.752808988764045,5.415730337078652,0.5454545454545454,0.9568418375432342,0.9611465224428284,0.983877588798244,0.9784550614725055,0.963915427436572,0.28733917043531976
2020-04-07 16:00:00,9,4.7444444444444445,5.355555555555555,5.8,5.555555555555555,5.688888888888889,0.2916666666666667,0.9802135160944989,0.9704151356106533,0.9159970499192996,0.953692097484406,0.9634758988630527,0.25173628654594027
2020-04-08 02:00:00,9,6.9508670520231215,6.926140012845215,6.93994861913937,5.070327552986512,5.984906872190109,0.9204357873885771,0.515242900836361,0.5177425186920316,0.5280253644571317,0.5176877078035195,0.5280136345224489,0.45258612171202
2020-04-08 12:00:00,9,8.276785714285714,8.285714285714286,8.214285714285714,6.464285714285714,7.1875,1.6517857142857142,0.6258206036475044,0.6347673178962244,0.6627321588260804,0.6575749545429262,0.6921221281034222,0.5943578196063581
2020-04-08 22:00:00,9,8.391126976032636,8.374808771035186,8.41305456399796,6.557368689444161,7.451810300866905,1.7548491379310345,0.6499827961486453,0.6570538984619594,0.6490932026732038,0.6719428778468526,0.6718370791887659,0.5455249330746117
2020-04-09 08:00:00,9,8.848034515819752,2.9280920421860017,5.810642377756472,4.827900287631831,5.99712368168744,0.8924677898909812,0.5037787800674892,0.5720469805095066,0.5786167736237309,0.5688898914503151,0.5318571820607225,0.44828578886701276
2020-04-09 18:00:00,9,8.532075471698112,3.237735849056604,5.69811320754717,4.850943396226415,5.89622641509434,0.8857758620689655,0.602642553085752,0.6863393442710755,0.6866757814049523,0.6923887473135384,0.6558872269874982,0.45996953974084015
2020-04-10 04:00:00,9,5.814814814814815,5.530864197530864,5.2592592592592595,5.703703703703703,5.765432098765432,0.5882352941176471,0.9578228376020207,0.9788252933183054,0.9647882208401969,0.954156108794528,0.9337757724216591,0.2825371116637899
2020-04-10 14:00:00,9,4.732142857142857,4.991071428571429,5.321428571428571,5.3125,4.803571428571429,0.5263157894736842,0.9814479530260971,0.986445762767954,0.9712539884408009,0.9756656469405278,0.9627973560624503,0.2884869521616448
2020-04-11 00:00:00,9,-1.0,-1.0,-1.0,-1.0,-1.0,-1.0,-1.0,-1.0,-1.0,-1.0,-1.0,-1.0
2020-04-06 00:00:00,10,4.095238095238095,5.9523809523809526,5.714285714285714,-1.0,5.904761904761905,1.0,0.9668346549012636,0.9289136512184922,0.8702106070878707,-1.0,0.8792269799416784,0.0
2020-04-06 10:00:00,10,1.1137724550898203,1.3592814371257484,3.6107784431137726,6.5,4.233532934131737,0.2318840579710145,0.5017299393307351,0.5061519265470171,0.6696106383103525,0.2890648263178878,0.6762840867919236,0.22584091700530806
2020-04-06 20:00:00,10,4.743589743589744,6.3076923076923075,5.564102564102564,-1.0,5.358974358974359,0.5714285714285714,0.9113207038411948,0.9131112374911017,0.9320498499986215,-1.0,0.9116308480155907,0.2847948000262373
2020-04-07 06:00:00,10,5.083333333333333,4.541666666666667,5.833333333333333,-1.0,4.833333333333333,0.5,0.8964557831539272,0.9114523759844834,0.894470907041467,-1.0,0.9023602332885488,0.2890648263178878
2020-04-07 16:00:00,10,4.5,5.933333333333334,5.5,-1.0,5.5,0.7142857142857143,0.9002661964669029,0.9018540973568706,0.9374427327234907,-1.0,0.902662062829721,0.24949779724410984
2020-04-08 02:00:00,10,5.591549295774648,7.76056338028169,5.76056338028169,-1.0,6.366197183098592,1.8269230769230769,0.7695854869886117,0.7301818615634128,0.7208294565000282,-1.0,0.6620367937323985,0.5210909318055876
2020-04-08 12:00:00,10,-1.0,-1.0,-1.0,-1.0,-1.0,-1.0,-1.0,-1.0,-1.0,-1.0,-1.0,-1.0
2020-04-08 22:00:00,10,5.956709956709957,8.823953823953824,6.023809523809524,5.0,6.8896103896103895,1.8486646884272997,0.5112706716564499,0.49785281657163055,0.5311975219768741,0.9160426647488857,0.5275742701661038,0.5349107146549571
2020-04-09 08:00:00,10,6.991354466858789,6.956772334293948,7.040345821325649,3.0,5.959654178674351,1.1063829787234043,0.5636675503642877,0.5915793489938299,0.5861353014544274,0.5555618109440845,0.5944947751073071,0.4731629767377535
2020-04-09 18:00:00,10,6.205479452054795,6.178082191780822,5.986301369863014,-1.0,5.342465753424658,0.9,0.8523877396129762,0.8543797599935372,0.8744323258083796,-1.0,0.8719482803298311,0.4123827424325463
2020-04-10 04:00:00,10,5.625,5.875,4.125,-1.0,4.916666666666667,0.75,0.8438878030907804,0.8438878030907804,0.9173568261191051,-1.0,0.8782714977620582,0.234511970142281
2020-04-10 14:00:00,10,5.870967741935484,6.032258064516129,6.0,-1.0,5.096774193548387,0.75,0.877415644921933,0.947982863608488,0.8863171486073317,-1.0,0.8596975140231166,0.234511970142281
2020-04-11 00:00:00,10,-1.0,-1.0,-1.0,-1.0,-1.0,-1.0,-1.0,-1.0,-1.0,-1.0,-1.0,-1.0
2020-04-06 00:00:00,11,7.0588235294117645,5.411764705882353,6.647058823529412,5.294117647058823,6.705882352941177,0.5,0.6985250906429514,0.9646600103740801,0.8286295038715448,0.9094807232817789,0.8012594777434673,0.2890648263178878
2020-04-06 10:00:00,11,1.0303030303030303,1.5303030303030303,1.2575757575757576,2.590909090909091,1.8484848484848484,0.24561403508771928,0.528166610920524,0.5409400014932745,0.5351902394916178,0.6625754807631976,0.650282052632885,0.24971240084956903
2020-04-06 20:00:00,11,5.185185185185185,5.111111111111111,4.814814814814815,5.111111111111111,5.333333333333333,0.5,0.8924867150050528,0.8966659449479584,0.9170089841280811,0.9272292291002054,0.9250908887466895,0.2890648263178878
2020-04-07 06:00:00,11,5.05,8.05,4.65,4.05,4.6,0.42857142857142855,0.909524942687096,0.6535651796852965,0.9275208540837631,0.8393580264497738,0.8877038002168531,0.28479480002623725
2020-04-07 16:00:00,11,6.428571428571429,5.571428571428571,4.809523809523809,5.238095238095238,4.285714285714286,0.3333333333333333,0.9067569634005247,0.9460526144534137,0.9185226309945672,0.9252705740055633,0.8702106070878707,0.26544702577940094
2020-04-08 02:00:00,11,6.023990637799883,8.934464599180808,5.040374488004681,3.9929783499122293,5.01111761263897,2.9291617473435654,0.48767022745722927,0.4730548107169042,0.48626929157157,0.49961486631317203,0.49019504427094784,0.5291883476429536
2020-04-08 12:00:00,11,5.984790874524715,8.673003802281368,5.053231939163498,4.155893536121673,5.1216730038022815,2.288065843621399,0.5660691278499613,0.5706893201212065,0.5941490867800269,0.5695686863266749,0.5613655026947878,0.6184451182479965
2020-04-08 22:00:00,11,5.956521739130435,6.3478260869565215,5.565217391304348,6.565217391304348,4.869565217391305,0.4,0.8864505950102921,0.8662205756982347,0.9272352854698194,0.8600594103403686,0.8064609787428443,0.2806676649492888
2020-04-09 08:00:00,11,7.891485809682805,5.076794657762938,5.021702838063439,3.1018363939899833,5.008347245409015,2.0,0.533964425112944,0.52924286692254,0.5179919650059019,0.5179549550227207,0.5294992293570608,0.47192983728397486
2020-04-09 18:00:00,11,7.067796610169491,5.186440677966102,5.406779661016949,3.4237288135593222,5.288135593220339,1.7674418604651163,0.66823770940864,0.7345329410511993,0.6760928357922886,0.7055988625047688,0.7351226534997595,0.46222228355120415
2020-04-10 04:00:00,11,4.2727272727272725,6.136363636363637,6.863636363636363,5.2272727272727275,5.681818181818182,0.5,0.9064557909611942,0.9176866554827802,0.7664561503653379,0.9176866554827802,0.8914080349084269,0.2890648263178878
2020-04-10 14:00:00,11,4.333333333333333,5.444444444444445,5.5,5.555555555555555,5.277777777777778,0.75,0.7835903070929519,0.7056270668292606,0.9120635632342354,0.8199588778766898,0.8920681061268272,0.234511970142281
2020-04-11 00:00:00,11,-1.0,-1.0,-1.0,-1.0,-1.0,-1.0,-1.0,-1.0,-1.0,-1.0,-1.0,-1.0
2020-04-06 00:00:00,12,4.565217391304348,6.391304347826087,5.869565217391305,-1.0,5.739130434782608,0.4,0.8221095973486422,0.7859063075953746,0.8077160915590386,-1.0,0.9098056574042863,0.2806676649492888
2020-04-06 10:00:00,12,2.142857142857143,2.238095238095238,1.7857142857142858,7.0,2.3095238095238093,0.6981132075471698,0.6857237091167083,0.6631547932723464,0.6248917065513397,0.0,0.7799972716848496,0.29761683755205354
2020-04-06 20:00:00,12,4.741935483870968,5.451612903225806,4.193548387096774,-1.0,6.258064516129032,0.6666666666666666,0.9599833104063844,0.9333636758221695,0.9247623327740786,-1.0,0.9027138853908608,0.26544702577940094
2020-04-07 06:00:00,12,5.904761904761905,5.142857142857143,5.285714285714286,-1.0,5.9523809523809526,0.0,0.8738536843007995,0.8137759928000604,0.8738536843007995,-1.0,0.9081316107706421,0.0
2020-04-07 16:00:00,12,4.631578947368421,6.684210526315789,5.578947368421052,-1.0,6.052631578947368,0.5,0.7849054405767969,0.8093944113229715,0.7538409523958907,-1.0,0.9121628525129586,0.2890648263178878
2020-04-08 02:00:00,12,3.073670723894939,5.954516335682255,4.025624599615631,4.833333333333333,2.9871877001921847,4.731643924626381,0.4941736039261869,0.5034160925031682,0.5054631325759629,0.9355411115109736,0.5004773426794454,0.5612556375257202
2020-04-08 12:00:00,12,3.0936227951153326,5.971506105834464,4.014925373134329,5.125,3.1112618724559025,4.653631284916201,0.5125130034120117,0.5252757278535171,0.5304827280244402,0.9394606855331354,0.5369887559828748,0.5653109132728774
2020-04-08 22:00:00,12,5.861111111111111,5.555555555555555,5.361111111111111,-1.0,4.777777777777778,3.125,0.8911376554223988,0.9243938366125506,0.8766822536698753,-1.0,0.9373185711730315,0.5508532245479723
2020-04-09 08:00:00,12,3.146747352496218,5.0,4.001512859304085,6.625,3.05446293494705,4.0,0.5269748831299704,0.5290290599860116,0.5296083094569548,0.7226620657947196,0.5343707973252199,0.5098739234572188
2020-04-09 18:00:00,12,3.151639344262295,4.897540983606557,4.262295081967213,6.5,3.0655737704918034,3.7956521739130435,0.5895498596719266,0.5410656777120177,0.6068236716380697,0.2890648263178878,0.5504348306619121,0.5090352342529206
2020-04-10 04:00:00,12,5.7894736842105265,4.578947368421052,5.526315789473684,-1.0,3.8421052631578947,0.8,0.8078750642296838,0.8702501642320006,0.8398222877774861,-1.0,0.8457611934858259,0.20868401936261904
2020-04-10 14:00:00,12,4.814814814814815,4.555555555555555,4.888888888888889,6.0,5.444444444444445,0.5714285714285714,0.903678679389809,0.8700053354714141,0.8818184840032455,0.0,0.9433930383374222,0.2847948000262373
2020-04-11 00:00:00,12,-1.0,-1.0,-1.0,-1.0,-1.0,-1.0,-1.0,-1.0,-1.0,-1.0,-1.0,-1.0
2020-04-06 00:00:00,13,5.2,5.066666666666666,7.533333333333333,-1.0,4.8,0.3333333333333333,0.8450033852523755,0.8689979337812651,0.7533720032541101,-1.0,0.8689979337812651,0.26544702577940094
2020-04-06 10:00:00,13,0.8085106382978723,0.648936170212766,4.351063829787234,1.0,2.5638297872340425,0.1839080459770115,0.40050510527311073,0.39015994796389036,0.6834106483832713,0.0,0.6034583825563105,0.19903621298000637
2020-04-06 20:00:00,13,3.923076923076923,4.961538461538462,6.576923076923077,-1.0,4.423076923076923,0.8,0.9154141574449042,0.8614396064931178,0.8931784015742974,-1.0,0.9460426604194506,0.4399358804169293
2020-04-07 06:00:00,13,6.0476190476190474,5.190476190476191,4.571428571428571,-1.0,5.142857142857143,0.25,0.9252705740055633,0.9460526144534137,0.8426806236290242,-1.0,0.8792269799416784,0.234511970142281
2020-04-07 16:00:00,13,6.173913043478261,6.434782608695652,6.391304347826087,2.0,6.391304347826087,0.4,0.8751821323026254,0.8310711539530328,0.7902864634935056,0.0,0.8913566475519642,0.2806676649492888
2020-04-08 02:00:00,13,3.5444444444444443,3.442222222222222,3.4644444444444447,4.25,3.5955555555555554,3.382222222222222,0.7567940546562555,0.7742131043796099,0.765791522450338,0.7226620657947196,0.7781692343447937,0.6221573288737368
2020-04-08 12:00:00,13,3.6597938144329896,3.7216494845360826,3.381443298969072,4.0,3.6804123711340204,2.6153846153846154,0.847250578999396,0.8370848122195307,0.8172979819946073,0.0,0.8268380799765239,0.6782381264190136
2020-04-08 22:00:00,13,4.866666666666666,6.266666666666667,5.2,-1.0,4.933333333333334,0.5,0.7293774547252202,0.8210088367234856,0.8689979337812651,-1.0,0.8835453620947604,0.2890648263178878
2020-04-09 08:00:00,13,4.455056179775281,2.6741573033707864,4.474719101123595,4.857142857142857,4.463483146067416,2.9696969696969697,0.6869357596604199,0.6864737607361537,0.7243119466226736,0.64632766220417,0.6829213737369753,0.5206590946091758
2020-04-09 18:00:00,13,4.622222222222222,2.9,4.733333333333333,3.0,4.722222222222222,2.6,0.788437167428656,0.757388462271844,0.8554794917864063,0.45815690999132613,0.815150394568703,0.5768178314287227
2020-04-10 04:00:00,13,5.933333333333334,5.133333333333334,4.8,-1.0,5.2,0.0,0.8835453620947604,0.8159085286253851,0.8304559569388802,-1.0,0.8064614084099904,0.0
2020-04-10 14:00:00,13,5.478260869565218,6.565217391304348,4.3478260869565215,-1.0,5.391304347826087,0.5,0.9008441007998959,0.7561888350353856,0.9680199759293465,-1.0,0.8423396166606996,0.2890648263178878
2020-04-11 00:00:00,13,4.0,9.0,7.0,-1.0,7.0,-1.0,0.0,0.0,0.0,-1.0,0.0,-1.0
2020-04-06 00:00:00,14,5.142857142857143,5.36734693877551,6.040816326530612,-1.0,5.040816326530612,0.3333333333333333,0.9587361383001217,0.925013387194471,0.8935417999113114,-1.0,0.9674120650285456,0.26544702577940094
2020-04-06 10:00:00,14,2.05,1.825,1.7,7.0,2.78125,0.23577235772357724,0.6925534477631122,0.6396639692060218,0.6304999072652105,0.0,0.7268872100889399,0.2436522235330992
2020-04-06 20:00:00,14,5.581818181818182,4.472727272727273,4.4,5.0,5.036363636363636,0.3333333333333333,0.9230106652574845,0.9081134894488855,0.9003984489651872,0.0,0.8778859809575625,0.26544702577940094
2020-04-07 06:00:00,14,5.575757575757576,4.848484848484849,5.242424242424242,5.5,4.121212121212121,0.5,0.8905913721501342,0.9687237073605756,0.9629860155445161,0.2890648263178878,0.9195858361651552,0.2890648263178878
2020-04-07 16:00:00,14,5.341463414634147,5.121951219512195,4.804878048780488,-1.0,5.7560975609756095,0.6666666666666666,0.8664100011233291,0.9410739684692381,0.9625450097137306,-1.0,0.9205378551989527,0.26544702577940094
2020-04-08 02:00:00,14,6.012075471698113,6.9743396226415095,6.978364779874214,4.404255319148936,5.016352201257861,3.8323155216284985,0.5086317792640359,0.5085312041500986,0.4945466610184012,0.9585648827167986,0.49381500975922227,0.5372554242212882
2020-04-08 12:00:00,14,5.874251497005988,6.8293413173652695,6.892215568862276,4.714285714285714,4.934131736526946,2.8172757475083055,0.6216136722729387,0.612357292451154,0.6137993568262163,0.7289176125807096,0.6005274668108224,0.6649685440221358
2020-04-08 22:00:00,14,6.230769230769231,5.423076923076923,5.211538461538462,-1.0,5.634615384615385,0.8571428571428571,0.9393775213217361,0.9602234606295864,0.9755224585959107,-1.0,0.9328093815835523,0.17103178897792257
2020-04-09 08:00:00,14,6.992632283991963,5.0361687876758205,5.032819825853985,5.304347826086956,4.041527126590757,2.956074124914207,0.5063214902812897,0.5222367494330937,0.52417935780681,0.8975178129098303,0.5303564432819837,0.4859709031441618
2020-04-09 18:00:00,14,6.6397515527950315,5.167701863354037,5.434782608695652,6.0,4.217391304347826,2.8840579710144927,0.6891991913825299,0.6718813941828667,0.6718329681892895,0.26544702577940094,0.6190408397996566,0.47193948834723143
2020-04-10 04:00:00,14,4.7894736842105265,5.2894736842105265,5.973684210526316,0.0,5.526315789473684,0.4,0.946198049300209,0.9367265169861736,0.9283329640819776,0.0,0.9177834523581025,0.2806676649492888
2020-04-10 14:00:00,14,5.7368421052631575,5.631578947368421,5.7105263157894735,-1.0,5.947368421052632,0.25,0.9176078258021779,0.92524170515973,0.8943724610217675,-1.0,0.9520622612815084,0.234511970142281
2020-04-11 00:00:00,14,-1.0,-1.0,-1.0,-1.0,-1.0,-1.0,-1.0,-1.0,-1.0,-1.0,-1.0,-1.0
2020-04-06 00:00:00,15,5.495495495495495,4.972972972972973,5.621621621621622,10.0,5.333333333333333,0.6,0.9283188956761198,0.9761038799795904,0.9784585333928532,0.0,0.9706963943395573,0.2806676649492888
2020-04-06 10:00:00,15,2.179401993355482,2.2093023255813953,2.398671096345515,1.5,2.7043189368770766,0.22790697674418606,0.709667610439892,0.6987271406171363,0.7283763993907387,0.2890648263178878,0.8226325391953863,0.2308715993537869
2020-04-06 20:00:00,15,4.966101694915254,4.838983050847458,4.940677966101695,6.5,5.483050847457627,0.3333333333333333,0.9852304534106545,0.9732670400670996,0.9844121971470471,0.2890648263178878,0.9767249912690668,0.26544702577940094
2020-04-07 06:00:00,15,5.520833333333333,5.104166666666667,5.697916666666667,5.0,5.385416666666667,0.6428571428571429,0.9687021947654695,0.9611307768023062,0.9680188963056967,0.5781296526357756,0.9770196914367205,0.27180359733227466
2020-04-07 16:00:00,15,4.948275862068965,5.655172413793103,5.293103448275862,6.0,5.422413793103448,0.5,0.989871988623172,0.9753347183926543,0.992407475257547,0.0,0.9631830218602151,0.2890648263178878
2020-04-08 02:00:00,15,3.1368621840724846,3.127324749642346,3.133524082021936,5.970588235294118,2.1764425369575586,2.74975074775673,0.5498075587931217,0.5435567894440377,0.5460210730773509,0.8840284083819194,0.5438570329272081,0.5816048036111879
2020-04-08 12:00:00,15,3.649076517150396,3.7651715039577835,3.58311345646438,4.5,2.767810026385224,1.6137931034482758,0.7139830916998274,0.7246960895022702,0.7420148507173298,0.5781296526357756,0.7131363711021586,0.631660058046261
2020-04-08 22:00:00,15,5.185185185185185,5.435185185185185,5.555555555555555,9.0,4.731481481481482,0.42105263157894735,0.983898359527479,0.9786875889284384,0.9616554443258621,0.0,0.9910017604727993,0.2838445430093205
2020-04-09 08:00:00,15,3.257286432160804,1.4532663316582914,3.2633165829145727,6.125,3.2673366834170854,2.004424778761062,0.5973322747373632,0.5852764891228543,0.6126323282105439,0.8671944789536634,0.5965233733585408,0.493466513159116
2020-04-09 18:00:00,15,4.314917127071824,3.596685082872928,4.475138121546961,3.0,4.320441988950276,1.6601941747572815,0.9199625099835819,0.9136640974006343,0.8859405493590721,0.6508667942032513,0.9024200773085503,0.5544998980857927
2020-04-10 04:00:00,15,5.362068965517241,5.9655172413793105,5.344827586206897,3.5,5.4655172413793105,0.47368421052631576,0.9632620897584229,0.952063249482018,0.9762831814319712,0.2890648263178878,0.9693088391188606,0.28848695216164477
2020-04-10 14:00:00,15,5.3545454545454545,5.081818181818182,5.609090909090909,5.0,5.2272727272727275,0.3,0.9755438355513782,0.9740972008365475,0.9517869347706088,0.2890648263178878,0.9969118631873746,0.25475020072165533
2020-04-11 00:00:00,15,5.0,1.0,3.0,-1.0,2.0,-1.0,0.0,0.0,0.0,-1.0,0.0,-1.0
2020-04-06 00:00:00,16,5.555555555555555,5.037037037037037,4.592592592592593,6.555555555555555,5.925925925925926,1.0,0.8828876541800034,0.8783637953572259,0.8661026607957115,0.8577442009099,0.8805021357107419,0.0
2020-04-06 10:00:00,16,2.264957264957265,1.8461538461538463,2.4786324786324787,2.247863247863248,1.9230769230769231,0.2631578947368421,0.6993141970760673,0.6819734417957841,0.7830917560058375,0.6860141545695697,0.6658292502573966,0.2560091611343425
2020-04-06 20:00:00,16,5.1395348837209305,5.395348837209302,4.976744186046512,4.488372093023256,5.767441860465116,0.5,0.9198035445182856,0.9180243672747624,0.9671656839670242,0.9779863919711478,0.9733017535355339,0.2890648263178878
2020-04-07 06:00:00,16,4.7560975609756095,5.829268292682927,6.365853658536586,5.512195121951219,5.170731707317073,0.5,0.9547656192171589,0.9422551930982231,0.9078453073186883,0.9225372248021343,0.9481492712884325,0.2890648263178878
2020-04-07 16:00:00,16,5.446808510638298,4.425531914893617,5.8936170212765955,4.829787234042553,5.446808510638298,0.5,0.9769940718590235,0.9466463714998492,0.9362055829502542,0.9446924762598651,0.9470933104823851,0.2890648263178878
2020-04-08 02:00:00,16,3.738480697384807,3.7932752179327522,3.7733499377334994,3.738480697384807,2.780821917808219,1.7205882352941178,0.7746173614922013,0.7947866306788399,0.7742664282090526,0.7649198241832965,0.7634199865516181,0.5564615353115504
2020-04-08 12:00:00,16,4.150943396226415,4.316037735849057,4.117924528301887,4.245283018867925,3.6273584905660377,0.8,0.8321100414554343,0.8371661890118886,0.8357144915479342,0.826865531199641,0.8528364114030673,0.46561818972729024
2020-04-08 22:00:00,16,5.17948717948718,5.256410256410256,6.3076923076923075,5.461538461538462,5.410256410256411,0.5,0.9605947451052745,0.9289854136503244,0.8184848190901813,0.9831668653879464,0.9134213816654978,0.2890648263178878
2020-04-09 08:00:00,16,5.99923076923077,3.11,4.098461538461539,3.1161538461538463,3.106923076923077,0.9545454545454546,0.7474113004186208,0.7366918496077756,0.7499089654336357,0.7328529524797229,0.7399697114707913,0.4323362913262379
2020-04-09 18:00:00,16,6.596244131455399,3.887323943661972,4.774647887323944,3.863849765258216,3.856807511737089,1.0,0.66304210030937,0.6816745337206411,0.6437176669332504,0.6760744293848016,0.6632717541763048,0.36998495581692575
2020-04-10 04:00:00,16,6.162790697674419,5.046511627906977,4.883720930232558,4.976744186046512,5.5813953488372094,1.0,0.9128512141373066,0.8974258904212624,0.9722403682624294,0.9675557298268154,0.9287466064368354,0.0
2020-04-10 14:00:00,16,5.425531914893617,6.276595744680851,4.9361702127659575,5.468085106382978,6.340425531914893,0.875,0.9405475111069096,0.9368197870943493,0.9322764876149271,0.9517361067526499,0.9203485681222031,0.15712536136607072
2020-04-11 00:00:00,16,-1.0,-1.0,-1.0,-1.0,-1.0,-1.0,-1.0,-1.0,-1.0,-1.0,-1.0,-1.0
2020-04-06 00:00:00,17,4.5,4.5,4.25,-1.0,4.625,1.0,0.9033275822433995,0.83991805086586,0.6799431989897354,-1.0,0.8262798368219584,0.0
2020-04-06 10:00:00,17,3.15,4.15,3.775,-1.0,3.35,0.23529411764705882,0.8666851684160799,0.8476651765800648,0.8328984899700992,-1.0,0.8102648690126228,0.22753060993046179
2020-04-06 20:00:00,17,5.6,5.4,4.95,2.0,3.95,0.5,0.9369880455802613,0.909524942687096,0.8118949235566081,0.0,0.7417280073192859,0.2890648263178878
2020-04-07 06:00:00,17,5.0,5.05,6.0,2.0,5.6,0.75,0.9151669031100186,0.8806184600553073,0.817536883979531,0.0,0.8806184600553073,0.23451197014228106
2020-04-07 16:00:00,17,6.36,5.44,6.4,-1.0,6.24,1.0,0.9101186025480046,0.9549155912793883,0.8062813138678068,-1.0,0.8768115759749985,0.0
2020-04-08 02:00:00,17,1.052,7.026,5.947,5.875,3.048,1.8964467005076142,0.47895583537311476,0.4907226303394181,0.4867469662537469,0.8310613756639275,0.5063742766703894,0.5325836814203396
2020-04-08 12:00:00,17,1.3480392156862746,6.9068627450980395,6.0931372549019605,4.0,3.196078431372549,1.609375,0.5590726043543149,0.5203095833515753,0.5499214378239295,0.45815690999132613,0.5669897854401587,0.56029401162818
2020-04-08 22:00:00,17,3.5454545454545454,5.863636363636363,4.545454545454546,4.0,5.636363636363637,0.3333333333333333,0.8603397681411655,0.8914080349084269,0.934046574934296,0.0,0.8439798486896497,0.26544702577940094
2020-04-09 08:00:00,17,3.0718954248366015,2.150326797385621,6.042483660130719,2.7,3.0392156862745097,0.976271186440678,0.5357629425721315,0.5545254153652839,0.5449793694978747,0.6711877414712396,0.5240791523034625,0.4448817201489599
2020-04-09 18:00:00,17,5.142857142857143,4.166666666666667,5.9523809523809526,7.5,4.380952380952381,0.8695652173913043,0.8430872463062186,0.8234808254956559,0.8106911484703733,0.2890648263178878,0.844391956745323,0.4425582939103132
2020-04-10 04:00:00,17,5.6923076923076925,6.538461538461538,5.461538461538462,-1.0,6.3076923076923075,1.0,0.7860523997691086,0.7860523997691086,0.9362524292006281,-1.0,0.8305239115103221,0.0
2020-04-10 14:00:00,17,5.0,5.7894736842105265,4.578947368421052,-1.0,6.0,0.5,0.8587653524055571,0.8513070996039296,0.9425907289674731,-1.0,0.9121628525129586,0.2890648263178878
2020-04-11 00:00:00,17,-1.0,-1.0,-1.0,-1.0,-1.0,-1.0,-1.0,-1.0,-1.0,-1.0,-1.0,-1.0
2020-04-06 00:00:00,18,5.7272727272727275,6.121212121212121,5.212121212121212,-1.0,5.636363636363637,0.2,0.9227789336270937,0.8886155484604548,0.9508380929533872,-1.0,0.9236537092262594,0.20868401936261904
2020-04-06 10:00:00,18,2.832,1.36,1.76,5.333333333333333,2.8,0.19387755102040816,0.7375640538612732,0.5607325658582462,0.565984364309006,0.26544702577940094,0.7310009133060588,0.20509521926180108
2020-04-06 20:00:00,18,4.717391304347826,4.195652173913044,4.673913043478261,-1.0,5.434782608695652,0.35714285714285715,0.9349589723686539,0.9539511219751551,0.9579049662733177,-1.0,0.956869378736382,0.27180359733227466
2020-04-07 06:00:00,18,5.285714285714286,4.107142857142857,4.214285714285714,1.0,4.714285714285714,0.5,0.9109817074906384,0.8541002019664812,0.96110093337444,0.0,0.8696867323023688,0.2890648263178878
2020-04-07 16:00:00,18,5.117647058823529,5.470588235294118,6.0588235294117645,8.0,5.911764705882353,0.5,0.9518240442151141,0.9389880780561475,0.9008126042766631,0.0,0.8848774552869918,0.2890648263178878
2020-04-08 02:00:00,18,3.034756703078451,7.019860973187686,4.012247600132406,4.428571428571429,4.987752399867594,3.8502173186225344,0.4874918222015172,0.5016110919863378,0.49916100353185716,0.9642155871195752,0.5018209921156466,0.5384221514173815
2020-04-08 12:00:00,18,3.2758620689655173,6.898850574712644,4.147126436781609,4.777777777777778,5.080459770114943,3.2144638403990027,0.5704486737363612,0.5810929826040864,0.5777377723686056,0.6351215938442603,0.5828049127662479,0.6369711784345485
2020-04-08 22:00:00,18,6.297297297297297,5.243243243243243,5.243243243243243,-1.0,5.945945945945946,0.2,0.9155249594588629,0.9601741576696224,0.9512268432598688,-1.0,0.9132987804288837,0.20868401936261904
2020-04-09 08:00:00,18,4.131868131868132,2.171114599686028,4.1114599686028255,5.3,5.058084772370487,2.947194719471947,0.5796941068854697,0.5317271494361551,0.5468478753022546,0.764992529528152,0.5490415174780897,0.475788086956673
2020-04-09 18:00:00,18,4.428571428571429,4.171428571428572,4.414285714285715,0.5,5.385714285714286,2.675,0.8868345048463558,0.9015286948151741,0.858420466443794,0.2890648263178878,0.8785256712986813,0.4731674046950697
2020-04-10 04:00:00,18,5.536585365853658,5.365853658536586,6.024390243902439,6.0,5.658536585365853,0.4,0.9425320262273623,0.9239941186923898,0.8886044759742073,0.0,0.9606790433363765,0.2806676649492888
2020-04-10 14:00:00,18,4.675675675675675,5.837837837837838,5.621621621621622,-1.0,5.081081081081081,0.5,0.9179088992938403,0.9622418501418252,0.978647181152859,-1.0,0.8839911232832891,0.2890648263178878
2020-04-11 00:00:00,18,5.0,9.0,6.0,-1.0,2.0,0.0,0.0,0.0,0.0,-1.0,0.0,0.0
2020-04-06 00:00:00,19,5.8,5.55,5.05,0.0,5.325,0.6666666666666666,0.9371747203856237,0.9129518970031952,0.9729798683735963,0.0,0.9418583796349839,0.26544702577940094
2020-04-06 10:00:00,19,3.721311475409836,1.546448087431694,1.2677595628415301,4.2,3.5956284153005464,0.28169014084507044,0.68290741345633,0.5669521918409818,0.5495245630504809,0.6711877414712396,0.7301984313036016,0.2698067728895694
2020-04-06 20:00:00,19,4.777777777777778,4.466666666666667,4.866666666666666,5.0,5.022222222222222,0.5,0.9134300276972528,0.8620407252407394,0.9585843247130037,0.0,0.9673268681195097,0.2890648263178878
2020-04-07 06:00:00,19,5.566037735849057,5.509433962264151,5.773584905660377,4.0,5.339622641509434,0.42857142857142855,0.9315367391385962,0.9791371326116082,0.9388714203484677,0.0,0.9606652250994757,0.2847948000262373
2020-04-07 16:00:00,19,5.441860465116279,5.325581395348837,5.976744186046512,-1.0,5.093023255813954,0.7,0.9558900314276461,0.9219727676216003,0.958297804188156,-1.0,0.9283289407289481,0.2547502007216554
2020-04-08 02:00:00,19,1.3373287671232876,2.2260273972602738,2.238013698630137,5.666666666666667,3.113013698630137,2.5745454545454547,0.5509462958862276,0.5536680911845636,0.5582362388043625,0.6508667942032513,0.5522587376245386,0.5938603917105781
2020-04-08 12:00:00,19,2.2803030303030303,3.143939393939394,3.0303030303030303,6.5,3.5303030303030303,1.9,0.7586808214401748,0.7527935334712512,0.6760257132065005,0.4335972394768317,0.7408786459396389,0.6589329654838609
2020-04-08 22:00:00,19,4.483870967741935,5.483870967741935,5.935483870967742,-1.0,5.387096774193548,0.5,0.9447330705227779,0.9321915923709776,0.8654151981240367,-1.0,0.90767525397255,0.2890648263178878
2020-04-09 08:00:00,19,2.6476868327402134,2.587188612099644,2.412811387900356,6.0,2.498220640569395,1.9959677419354838,0.6504698571348341,0.6310928962354224,0.6270054465346285,0.45815690999132613,0.6640903872222195,0.4519121236067014
2020-04-09 18:00:00,19,3.46,3.6,4.24,-1.0,4.16,1.5172413793103448,0.8908799436339873,0.7449373796321711,0.8848859721176942,-1.0,0.8979289683483646,0.5587603268910404
2020-04-10 04:00:00,19,4.975,5.75,5.225,7.0,5.75,0.5714285714285714,0.9367054845874594,0.9524665603000693,0.9575025466183544,0.0,0.9464251301551045,0.28479480002623725
2020-04-10 14:00:00,19,5.151515151515151,4.9393939393939394,5.121212121212121,-1.0,5.696969696969697,0.7142857142857143,0.946910481425221,0.8702216924783869,0.9095539987966436,-1.0,0.929617673533667,0.2494977972441098
2020-04-11 00:00:00,19,-1.0,-1.0,-1.0,-1.0,-1.0,-1.0,-1.0,-1.0,-1.0,-1.0,-1.0,-1.0
